epoch,train_loss,val_loss,val_acc,val_f1,lr
1,0.6424460556498259,0.660512261079833,0.6517857142857143,0.36585365853658536,0.001
2,0.5247423647755735,0.544823809300691,0.734375,0.4195121951219512,0.0009997532801828658
3,0.49067050153704395,0.5123540661564692,0.7633928571428571,0.46464646464646464,0.0009990133642141358
4,0.45254235012599753,0.47840391258173726,0.7857142857142857,0.49473684210526314,0.00099778098230154
5,0.4682924593870376,0.49740631197125257,0.7723214285714286,0.48484848484848486,0.000996057350657239
6,0.44350674891515085,0.47838555089844953,0.7767857142857143,0.494949494949495,0.0009938441702975688
7,0.4319775743725007,0.4655282561807138,0.78125,0.4948453608247423,0.0009911436253643444
8,0.4026954101199857,0.4410799388296989,0.7946428571428571,0.4945054945054945,0.0009879583809693738
9,0.4332341210953382,0.4737063894661327,0.7790178571428571,0.49746192893401014,0.0009842915805643156
10,0.42003879431570157,0.46585506176926333,0.78125,0.5,0.0009801468428384716
11,0.40788748278719256,0.45512470835881824,0.7924107142857143,0.5130890052356021,0.0009755282581475768
12,0.3891927045431266,0.44115761264780656,0.78125,0.4787234042553192,0.0009704403844771128
13,0.3951681069368284,0.4485830575445169,0.7790178571428571,0.48704663212435234,0.0009648882429441257
14,0.3941362328814992,0.44427687177581143,0.7924107142857143,0.5130890052356021,0.0009588773128419905
15,0.38428471358411576,0.43602963994692295,0.796875,0.5133689839572193,0.0009524135262330098
16,0.379933176343611,0.43538042624104856,0.78125,0.4895833333333333,0.0009455032620941839
17,0.3769700436279925,0.43338228343641283,0.7901785714285714,0.5,0.0009381533400219318
18,0.3817501336445908,0.439690429843471,0.7924107142857143,0.5079365079365079,0.0009303710135019718
19,0.3790686379194798,0.43815351590709894,0.7857142857142857,0.5,0.0009221639627510075
20,0.36023888876921134,0.4219497368425217,0.7991071428571429,0.5161290322580645,0.0009135402871372809
21,0.3461980059761296,0.4060265659689209,0.8058035714285714,0.5245901639344263,0.0009045084971874737
22,0.36173578596700445,0.42499365357176183,0.7924107142857143,0.5079365079365079,0.0008950775061878452
23,0.36500470432318255,0.4253582646875159,0.7901785714285714,0.5104166666666666,0.0008852566213878947
24,0.35904434046895234,0.4193575543470695,0.8058035714285714,0.5297297297297298,0.0008750555348152298
25,0.3371926105512159,0.4005774205156811,0.8125,0.5333333333333333,0.0008644843137107057
26,0.36635942407931016,0.4297143090738905,0.796875,0.5235602094240838,0.0008535533905932737
27,0.34179249004227774,0.405722275937074,0.8080357142857143,0.532608695652174,0.0008422735529643444
28,0.3527082792958802,0.41829153537634234,0.8035714285714286,0.5268817204301075,0.0008306559326618259
29,0.3387322190887032,0.4039561440646399,0.8125,0.5384615384615384,0.0008187119948743449
30,0.34781468739429855,0.4131823281163574,0.8169642857142857,0.5543478260869565,0.0008064535268264883
31,0.3489962598982303,0.41906733511002525,0.8102678571428571,0.5502645502645502,0.0007938926261462367
32,0.3381639579389397,0.40900279271636947,0.8125,0.5483870967741935,0.0007810416889260654
33,0.319578888184667,0.39273810249685054,0.8147321428571429,0.5363128491620112,0.0007679133974894983
34,0.3383781811191811,0.4116961820716235,0.8147321428571429,0.5513513513513514,0.0007545207078751857
35,0.3359954684367121,0.4135820114440376,0.8080357142857143,0.5376344086021505,0.0007408768370508576
36,0.3432294235040873,0.4210320666099802,0.8013392857142857,0.5340314136125655,0.0007269952498697733
37,0.31106012581144526,0.3900793842588702,0.8214285714285714,0.5555555555555556,0.0007128896457825364
38,0.32610019993899714,0.4067905225927874,0.8058035714285714,0.5245901639344263,0.0006985739453173903
39,0.33853080218524656,0.4172633025516572,0.8013392857142857,0.538860103626943,0.0006840622763423391
40,0.33502470794607725,0.4110628771514206,0.8058035714285714,0.5445026178010471,0.0006693689601226458
41,0.3241557337743988,0.4027341659733762,0.8080357142857143,0.532608695652174,0.0006545084971874737
42,0.3091211573993759,0.3912962595740607,0.8169642857142857,0.5393258426966292,0.0006394955530196147
43,0.33576556114883904,0.41561349734746017,0.8102678571428571,0.5405405405405406,0.0006243449435824273
44,0.3378661862982304,0.4215522953135835,0.8058035714285714,0.5396825396825397,0.0006090716206982714
45,0.32774591685583737,0.4107975256764863,0.8080357142857143,0.5376344086021505,0.0005936906572928624
46,0.3105660124065307,0.3954095758443438,0.8191964285714286,0.5524861878453039,0.0005782172325201155
47,0.30858936153314964,0.3899012514553211,0.8169642857142857,0.5543478260869565,0.0005626666167821522
48,0.31201049856766644,0.3927466405409567,0.8214285714285714,0.5555555555555556,0.0005470541566592571
49,0.31328479452922264,0.398710719478825,0.8169642857142857,0.5543478260869565,0.0005313952597646568
50,0.3335955545358516,0.41807041415869506,0.8058035714285714,0.5445026178010471,0.0005157053795390641
51,0.3166279474085481,0.40406759393797603,0.8169642857142857,0.5543478260869565,0.0005
52,0.3167251980687606,0.4031317861981119,0.8191964285714286,0.5621621621621622,0.00048429462046093585
53,0.3002490403225118,0.38360935002734864,0.8214285714285714,0.5555555555555556,0.0004686047402353433
54,0.3080661470295315,0.39367277378656546,0.8169642857142857,0.5494505494505495,0.00045294584334074284
55,0.30538619916126086,0.3907852847665066,0.8191964285714286,0.5524861878453039,0.00043733338321784795
56,0.3138930717473611,0.3983648776800921,0.8147321428571429,0.5561497326203209,0.0004217827674798846
57,0.32846212248676426,0.4117529568309695,0.8102678571428571,0.5502645502645502,0.0004063093427071377
58,0.3030679328774321,0.3900437382897959,0.8147321428571429,0.546448087431694,0.0003909283793017289
59,0.3119261106739217,0.3969910876344735,0.8191964285714286,0.5524861878453039,0.00037565505641757257
60,0.30860659241567107,0.39424469764124037,0.8147321428571429,0.5513513513513514,0.0003605044469803854
61,0.3144145784176736,0.40021756761789956,0.8169642857142857,0.5543478260869565,0.00034549150281252644
62,0.30963678685851614,0.3961015525206128,0.8214285714285714,0.5555555555555556,0.0003306310398773543
63,0.31648201567672113,0.40332006112969954,0.8191964285714286,0.5621621621621622,0.00031593772365766116
64,0.2967820644019874,0.38471430293607517,0.8236607142857143,0.5586592178770949,0.00030142605468260966
65,0.31862635058293115,0.4082921135124666,0.8125,0.5483870967741935,0.00028711035421746366
66,0.3202265939946673,0.4130527309043669,0.8102678571428571,0.5454545454545454,0.00027300475013022663
67,0.3038455237087288,0.3954187520700097,0.8191964285714286,0.5573770491803278,0.0002591231629491423
68,0.2985514977533995,0.39091643973219625,0.8258928571428571,0.5666666666666667,0.00024547929212481435
69,0.3016564976092588,0.39550484959149845,0.8258928571428571,0.5666666666666667,0.00023208660251050156
70,0.31114979621386823,0.4021310194375629,0.8147321428571429,0.5513513513513514,0.00021895831107393465
71,0.30132392430338645,0.39533284374904615,0.8236607142857143,0.56353591160221,0.00020610737385376348
72,0.3104353412297375,0.40065158723531075,0.8236607142857143,0.56353591160221,0.00019354647317351172
73,0.302952871990206,0.3957479176584741,0.8214285714285714,0.5604395604395604,0.00018128800512565513
74,0.3084714599708223,0.39921394545810107,0.8147321428571429,0.5513513513513514,0.00016934406733817414
75,0.3001876603322558,0.3920877445523165,0.8236607142857143,0.56353591160221,0.00015772644703565563
76,0.3049259992850858,0.3955997664815046,0.8169642857142857,0.5543478260869565,0.00014644660940672628
77,0.3039652538129604,0.394813340682942,0.8258928571428571,0.5666666666666667,0.00013551568628929433
78,0.3013955776156985,0.39522740242054316,0.8214285714285714,0.5604395604395604,0.0001249444651847702
79,0.2929458236077261,0.3866794534392724,0.828125,0.5698324022346368,0.00011474337861210544
80,0.3224709178973429,0.41196692826528547,0.8102678571428571,0.5502645502645502,0.00010492249381215479
81,0.29240769475374473,0.38766375358089983,0.828125,0.5649717514124294,9.549150281252633e-05
82,0.30975852453876207,0.40092219123609774,0.8191964285714286,0.5573770491803278,8.645971286271914e-05
83,0.3071626494636497,0.39819154539100043,0.8214285714285714,0.5652173913043478,7.783603724899258e-05
84,0.29779354720921813,0.39123483816375726,0.8236607142857143,0.56353591160221,6.962898649802813e-05
85,0.3149182698876529,0.4051478139179857,0.8169642857142857,0.5591397849462365,6.184665997806821e-05
86,0.2975748083954035,0.3908685435309276,0.8258928571428571,0.5666666666666667,5.449673790581611e-05
87,0.2868109553445984,0.3823273503674484,0.8236607142857143,0.5485714285714286,4.758647376699032e-05
88,0.3080238663650405,0.4004756190499314,0.8169642857142857,0.5543478260869565,4.112268715800954e-05
89,0.2941475093113977,0.3883182376460044,0.8258928571428571,0.5617977528089888,3.5111757055874326e-05
90,0.3040748781236078,0.39789838270794203,0.8191964285714286,0.5573770491803278,2.9559615522887274e-05
91,0.29810545916019765,0.39016416694819084,0.8191964285714286,0.5573770491803278,2.4471741852423235e-05
92,0.30286740587591404,0.3943154048295548,0.8214285714285714,0.5604395604395604,1.9853157161528523e-05
93,0.29718050276036245,0.3893951787352633,0.8236607142857143,0.56353591160221,1.5708419435684518e-05
94,0.29158723045930457,0.38406311675778343,0.8236607142857143,0.5586592178770949,1.2041619030626338e-05
95,0.29543349191634505,0.38978391409773294,0.8236607142857143,0.5586592178770949,8.856374635655639e-06
96,0.2912484532337125,0.38318562327912653,0.8236607142857143,0.5586592178770949,6.15582970243117e-06
97,0.299017193198638,0.39165841682946595,0.8236607142857143,0.56353591160221,3.942649342761117e-06
98,0.3015023008465417,0.3948003090655497,0.8214285714285714,0.5604395604395604,2.219017698460002e-06
99,0.2916511977028016,0.3851572294498687,0.828125,0.5698324022346368,9.866357858642206e-07
100,0.281259800995802,0.37751238487181016,0.8303571428571429,0.5581395348837209,2.467198171342e-07
