epoch,train_loss_z,val_loss_z,val_rmse,lr
1,0.732260537392842,0.4691618009560801,17814.90114713567,0.001
2,0.598815375565896,0.3346732996198164,15046.400836328328,0.0009997532801828658
3,0.5658050753119618,0.2718249791264212,13560.221267879582,0.0009990133642141358
4,0.5402512425592121,0.25790938804000607,13208.565980841528,0.00099778098230154
5,0.5321289781601863,0.23323854577139694,12560.943350441205,0.000996057350657239
6,0.5185791037672784,0.23483022485040408,12603.7300117475,0.0009938441702975688
7,0.5073732533104389,0.22141544570086083,12238.439667750661,0.0009911436253643444
8,0.4954745844717299,0.20804628061367778,11863.206018140816,0.0009879583809693738
9,0.4930235966313298,0.2052962450807043,11784.538986965357,0.0009842915805643156
10,0.49166863990196535,0.19619835998697685,11520.458952822612,0.0009801468428384716
11,0.48499133709318487,0.1950704868235476,11487.297757568964,0.0009755282581475768
12,0.489102515871131,0.19901662702537573,11602.906036037986,0.0009704403844771128
13,0.4839795566745199,0.1951433542898314,11489.44306448194,0.0009648882429441257
14,0.4888428443049686,0.20097610339422275,11659.886027590102,0.0009588773128419905
15,0.479542093140072,0.19107781499059037,11369.129875408904,0.0009524135262330098
16,0.4813874702649922,0.19043167430116795,11349.890911905431,0.0009455032620941839
17,0.47837244406331486,0.18850839395230692,11292.430885028427,0.0009381533400219318
18,0.4792193139929466,0.19226363058282864,11404.35332487299,0.0009303710135019718
19,0.47925838064768456,0.18832803199023068,11287.027379225874,0.0009221639627510075
20,0.4792702459022603,0.19236674127732245,11407.410983699268,0.0009135402871372809
21,0.47394341598279877,0.18588298351638982,11213.518702625277,0.0009045084971874737
22,0.4739193481653069,0.18526800929656903,11194.953963852113,0.0008950775061878452
23,0.4769638558472541,0.18980103598882722,11331.082035195059,0.0008852566213878947
24,0.4736497100329776,0.18262655307121514,11114.861504641018,0.0008750555348152298
25,0.4716372945918738,0.18394615770912637,11154.945552117282,0.0008644843137107057
26,0.47170910640444125,0.17958069282135541,11021.784512186356,0.0008535533905932737
27,0.4708384357236157,0.17987925549720432,11030.942865518915,0.0008422735529643444
28,0.4719688287174768,0.18086390117670373,11061.092942828891,0.0008306559326618259
29,0.4710901129252327,0.18157403152960866,11082.78638951003,0.0008187119948743449
30,0.46872479702297826,0.17922899500085157,11010.986476820153,0.0008064535268264883
31,0.4692778955427282,0.18031667410626706,11044.346884420233,0.0007938926261462367
32,0.470193680527751,0.18228689451320718,11104.52068957856,0.0007810416889260654
33,0.468868387690717,0.1809773431107868,11064.561283032692,0.0007679133974894983
34,0.4686285298619889,0.18023238864814844,11041.765352105147,0.0007545207078751857
35,0.4688493957100483,0.1815231933170991,11081.234767594371,0.0007408768370508576
36,0.46877776482721784,0.18186285087489032,11091.597261891768,0.0007269952498697733
37,0.4680266203760256,0.18164938323488147,11085.085782831782,0.0007128896457825364
38,0.468513060173048,0.18445195341203066,11170.271369169164,0.0006985739453173903
39,0.4684778896727312,0.18123994282954806,11072.585761125627,0.0006840622763423391
40,0.46761797387605775,0.18170299301829465,11086.721420667407,0.0006693689601226458
41,0.46912805758100523,0.1811694865526342,11070.433340998245,0.0006545084971874737
42,0.46633301433248786,0.1781561191109062,10977.980784863976,0.0006394955530196147
43,0.46834773412571135,0.17887352815729834,11000.061951956946,0.0006243449435824273
44,0.4681063149051217,0.1808573740269041,11060.893350589904,0.0006090716206982714
45,0.46833964903747904,0.18238919912575383,11107.636339607508,0.0005936906572928624
46,0.4683208267315461,0.1805002028340994,11049.965997129346,0.0005782172325201155
47,0.4674995726209328,0.17877203910517453,10996.940908081218,0.0005626666167821522
48,0.46609669834740003,0.17659815135455775,10929.87439208289,0.0005470541566592571
49,0.4658396828092555,0.17728245003572873,10951.029956879078,0.0005313952597646568
50,0.46571238616096755,0.17785413965496155,10968.672851238805,0.0005157053795390641
51,0.46673950369302064,0.17812622822125618,10977.059807861204,0.0005
52,0.4647087605853308,0.17473365224831564,10872.023231965415,0.00048429462046093585
53,0.46480849059220336,0.17573118523406508,10903.012589768188,0.0004686047402353433
54,0.4638404537817736,0.17424134557855495,10856.696633922325,0.00045294584334074284
55,0.4633772009327533,0.17648714146404318,10926.438583483983,0.00043733338321784795
56,0.4642820831294882,0.17667127547343756,10932.137028215215,0.0004217827674798846
57,0.4634704871594828,0.1745932944063711,10867.655783957734,0.0004063093427071377
58,0.46329498932263263,0.1734442045053351,10831.833879049063,0.0003909283793017289
59,0.4643018643347269,0.17580295507364332,10905.23879561885,0.00037565505641757257
60,0.4655010164667468,0.17610053431332306,10914.464466951358,0.0003605044469803854
61,0.46384952898330056,0.17645056325781486,10925.30623403557,0.00034549150281252644
62,0.465922096946665,0.17915121952357563,11008.597137822348,0.0003306310398773543
63,0.46275441652209026,0.17417471201812235,10854.620520687333,0.00031593772365766116
64,0.4634589031736912,0.1753034786565874,10889.736257768069,0.00030142605468260966
65,0.4633561069356989,0.17456312501156782,10866.716788092723,0.00028711035421746366
66,0.46102364151654274,0.17299868402736288,10817.913244518048,0.00027300475013022663
67,0.46288464381187483,0.1747443256231751,10872.355278500074,0.0002591231629491423
68,0.4638900947649852,0.1735054484030693,10833.746093924377,0.00024547929212481435
69,0.4624333964927204,0.1716712088012139,10776.328632660612,0.00023208660251050156
70,0.46428986498293845,0.17779673186915035,10966.902473434457,0.00021895831107393465
71,0.46474192988402674,0.17546242310435828,10894.671901291591,0.00020610737385376348
72,0.4640991261534612,0.17640314033826318,10923.837990677262,0.00019354647317351172
73,0.46350939774518113,0.17594638154489514,10909.686334727521,0.00018128800512565513
74,0.4613948912181238,0.17461935927213348,10868.46696464729,0.00016934406733817414
75,0.4625561412837091,0.1748202383690637,10874.716616192847,0.00015772644703565563
76,0.462187012611945,0.17516914618111054,10885.56313585793,0.00014644660940672628
77,0.4616721396944003,0.17322816361346446,10825.085748658414,0.00013551568628929433
78,0.461195011765081,0.1712445255851015,10762.92819341144,0.0001249444651847702
79,0.46242635182870545,0.1762184326384391,10918.117442172043,0.00011474337861210544
80,0.4618820814506262,0.17336558508994374,10829.378654399961,0.00010492249381215479
81,0.4624760841949335,0.17400051494258933,10849.191155721383,9.549150281252633e-05
82,0.4625560286705742,0.17473900552968996,10872.189772734619,8.645971286271914e-05
83,0.4612398841306595,0.17341547035152488,10830.936597777956,7.783603724899258e-05
84,0.46076832486392527,0.17348225178473856,10833.021866888177,6.962898649802813e-05
85,0.46112219345856303,0.17387136163500597,10845.163957772938,6.184665997806821e-05
86,0.4616104766151887,0.17389596501990184,10845.931244294465,5.449673790581611e-05
87,0.46187767893727943,0.17300264988407346,10818.037239819529,4.758647376699032e-05
88,0.46170288199749177,0.17457831453104578,10867.18955866154,4.112268715800954e-05
89,0.46226099000253984,0.17352326849911467,10834.302426422522,3.5111757055874326e-05
90,0.46104106533586603,0.17385780487140784,10844.741150392296,2.9559615522887274e-05
91,0.46097112916936595,0.17234266537069665,10797.382760309185,2.4471741852423235e-05
92,0.4622511618025167,0.17442225045617107,10862.33111708368,1.9853157161528523e-05
93,0.46050798033421825,0.17222589498511953,10793.72426929267,1.5708419435684518e-05
94,0.46152061278403256,0.17195369476175953,10785.191243634066,1.2041619030626338e-05
95,0.46207676243889934,0.17437252814900134,10860.78275195292,8.856374635655639e-06
96,0.46260552444383646,0.1763867334372481,10923.329976772753,6.15582970243117e-06
97,0.46095450464529775,0.17382392725571827,10843.684505646344,3.942649342761117e-06
98,0.4610803601277638,0.17317253192529314,10823.347387701124,2.219017698460002e-06
99,0.4621987430200969,0.17465924640003447,10869.70819924031,9.866357858642206e-07
100,0.46328769173989554,0.1755402391575552,10897.087479448655,2.467198171342e-07
