epoch,train_loss,val_loss,val_acc,val_f1
1,1.210645332157845,0.6052200198173523,0.7098214285714286,0.36893203883495146
2,1.0723064547480652,0.6009646058082581,0.71875,0.4166666666666667
3,0.9868233509407556,0.5694809556007385,0.7299107142857143,0.4372093023255814
4,0.9224238165135221,0.5407134294509888,0.7522321428571429,0.47393364928909953
5,0.8703815463270269,0.5105679035186768,0.7678571428571429,0.49019607843137253
6,0.8269701385844547,0.4904782474040985,0.7678571428571429,0.49019607843137253
7,0.7927383060825811,0.47281885147094727,0.7857142857142857,0.5102040816326531
8,0.7646890930319179,0.4533712565898895,0.8013392857142857,0.5340314136125655
9,0.7418489397704902,0.4510388672351837,0.796875,0.5333333333333333
10,0.7225229204400683,0.4367137551307678,0.7991071428571429,0.53125
11,0.7072318105007297,0.43263670802116394,0.7924107142857143,0.5230769230769231
12,0.6937205326697092,0.4261731803417206,0.796875,0.5235602094240838
13,0.6828239067697605,0.43276289105415344,0.7790178571428571,0.5025125628140703
14,0.6720336690636705,0.4265234172344208,0.7834821428571429,0.5125628140703518
15,0.6630895859772696,0.42362141609191895,0.78125,0.51
16,0.6544715560901891,0.41569018363952637,0.7857142857142857,0.5102040816326531
17,0.6481044418389335,0.41268572211265564,0.7857142857142857,0.5051546391752577
18,0.6413260661669454,0.4129038453102112,0.7857142857142857,0.5051546391752577
19,0.6366044003381084,0.41645702719688416,0.7857142857142857,0.5051546391752577
20,0.6312652548442945,0.4101814925670624,0.7857142857142857,0.5
21,0.6256016177328823,0.4102530777454376,0.7857142857142857,0.5
22,0.6208599991742427,0.4139563739299774,0.7857142857142857,0.5051546391752577
23,0.6169892860031981,0.4185101091861725,0.78125,0.4948453608247423
24,0.6126513932922687,0.40462252497673035,0.7901785714285714,0.5
25,0.6092057443984465,0.412381649017334,0.7834821428571429,0.49740932642487046
26,0.6050546986887481,0.40844541788101196,0.7879464285714286,0.5026178010471204
27,0.6009043468783993,0.40233293175697327,0.7946428571428571,0.5053763440860215
28,0.5980493007857683,0.4041072428226471,0.796875,0.5133689839572193
29,0.5963429411807628,0.4093581736087799,0.7901785714285714,0.5052631578947369
30,0.5915579258929157,0.40252774953842163,0.796875,0.5081081081081081
31,0.5879933610183691,0.4037442207336426,0.796875,0.5081081081081081
32,0.5857419659466367,0.39999422430992126,0.796875,0.5133689839572193
33,0.58232702557237,0.4011184275150299,0.8013392857142857,0.518918918918919
34,0.5810895414742896,0.4007083475589752,0.7991071428571429,0.5161290322580645
35,0.5769620358177642,0.4023294448852539,0.796875,0.5133689839572193
36,0.5735128818443196,0.39841970801353455,0.7991071428571429,0.5161290322580645
37,0.5720039967587035,0.40248337388038635,0.796875,0.5133689839572193
38,0.5689340875160768,0.40055611729621887,0.7991071428571429,0.5161290322580645
39,0.5668512170643963,0.398634135723114,0.7991071428571429,0.5161290322580645
40,0.5635552652859035,0.40254491567611694,0.8013392857142857,0.518918918918919
41,0.5608845847555217,0.39607569575309753,0.8013392857142857,0.518918918918919
42,0.5575203259874816,0.3990159332752228,0.7991071428571429,0.5161290322580645
43,0.5563033809536592,0.39914003014564514,0.8013392857142857,0.518918918918919
44,0.5541200711115437,0.3946143686771393,0.8035714285714286,0.5217391304347826
45,0.5526573677146948,0.3892231583595276,0.8080357142857143,0.5274725274725275
46,0.5500011802086155,0.40314212441444397,0.796875,0.5133689839572193
47,0.5460624799940291,0.3918907046318054,0.8058035714285714,0.5245901639344263
48,0.5436967484707137,0.39610299468040466,0.8035714285714286,0.5217391304347826
49,0.5405269239520547,0.3912281095981598,0.8058035714285714,0.5245901639344263
50,0.5385740745860548,0.39028406143188477,0.8035714285714286,0.5164835164835165
