epoch,train_loss_z,val_loss_z,val_rmse
1,0.8914371898572615,0.4145440245855859,16745.858770863735
2,0.7076047438932497,0.33376199155791403,15025.901362011535
3,0.6302516000405525,0.2960908662926528,14152.546803255253
4,0.5918616722853411,0.27614696920074655,13667.599209779422
5,0.5692123027441033,0.2609438865723633,13286.043125043283
6,0.5564652490736504,0.25106831926263984,13032.209476999544
7,0.5412593614015793,0.2433449314752212,12830.194701381806
8,0.532375008124687,0.23607814973648195,12637.174743454101
9,0.5252815531419903,0.23056963286855947,12488.870102419065
10,0.5190636265785439,0.2236833140273038,12300.956670653546
11,0.5143271428740697,0.22077994997874414,12220.86396365979
12,0.5085398636704334,0.21389865457192656,12028.905717691718
13,0.5048528906202592,0.20952855809150875,11905.392191163119
14,0.5019037179634187,0.209972448295518,11917.996418124494
15,0.4992123480989917,0.20254779846354737,11705.389189807873
16,0.4963948619687153,0.20091801213761593,11658.200786478797
17,0.4925089768819837,0.2011599744286481,11665.2185649701
18,0.49021947101339874,0.19803876827497663,11574.365771025548
19,0.4881134713218894,0.1934918167052327,11440.721021791618
20,0.4867324328484708,0.19435926300583695,11466.33738456684
21,0.485308344791213,0.19293097980044646,11424.128498909304
22,0.48247715084294973,0.19090154099785533,11363.884514155901
23,0.4798911771375927,0.18753284763387673,11263.17335783669
24,0.4794019405115028,0.1873293052158402,11257.059346429587
25,0.4783318294346441,0.18539312949298753,11198.733565176297
26,0.4777019642114044,0.18279128246942036,11119.87318482531
27,0.4758837455932407,0.18411528256352808,11160.072446646673
28,0.474713042104916,0.18163878832364183,11084.762502866699
29,0.4733538170237107,0.1810595952680622,11067.075356443645
30,0.47294307149854015,0.17872716698052502,10995.560694838266
31,0.4711665617504139,0.17848007102468788,10987.95721086391
32,0.4694772104641722,0.18045826463050404,11048.682223932508
33,0.4683048562496698,0.17777585300713927,10966.258526935395
34,0.4690301082589702,0.17663914435985573,10931.14287195522
35,0.46806077221931225,0.18023398539714297,11041.814263648757
36,0.46648426704689167,0.17877440204378903,10997.013584464443
37,0.465168953812006,0.17553594554517196,10896.954210415663
38,0.46629940920897434,0.18002245567260403,11035.33280668017
39,0.4639999584414081,0.17621476349094087,10918.003775312027
40,0.46368946810302286,0.1795796857493379,11021.75360756584
41,0.46234107208118425,0.17296667920343115,10816.912539151166
42,0.4620527165575181,0.17213510647735975,10790.878950074462
43,0.4622412347991479,0.17128025074645578,10764.05081993944
44,0.45984886866011476,0.17502592624804683,10881.112156740553
45,0.4591655405472246,0.1707886038041674,10748.591023024097
46,0.45797028157223585,0.17030056535464705,10733.22267163358
47,0.4577564531093595,0.17492392243329125,10877.940978812056
48,0.45652759611394683,0.17187419338492177,10782.697733143543
49,0.4569557162028349,0.16997309678580622,10722.898324433012
50,0.4561724869664665,0.16817123352347452,10665.910849548418
